building,total_kwh,mean_kwh,max_kwh,min_kwh,readings_count
Admin_Building,67818.39859700439,94.06157919140692,128.10672104102866,66.78348009173675,721
Engineering_Block,56814.54561093889,78.7996471718986,115.9922605562972,49.704107625278674,721
Library,125089.24098730081,173.4940929088777,206.753750947249,147.1551847213997,721
Sports_Complex,65417.05937665311,90.73101161810418,128.67195511103148,60.49067125520023,721
